programCode,active,startDate
EM0001,TRUE,2022-12-12
EM0002,TRUE,2022-12-12
EM0003,TRUE,2022-12-12
EM0004,TRUE,2022-12-12
EM0005,TRUE,2022-12-12
EM0006,TRUE,2022-12-12
EM0007,TRUE,2022-12-12
EM0008,TRUE,2022-12-12
EM0009,TRUE,2022-12-12
EM0010,TRUE,2022-12-12
EM0011,TRUE,2022-12-12
EM0012,TRUE,2022-12-12
EM0013,TRUE,2022-12-12
EM0014,TRUE,2022-12-12
EM0015,TRUE,2022-12-12
EM0016,TRUE,2022-12-12
EM0017,TRUE,2022-12-12
EM0018,TRUE,2022-12-12
EM0019,TRUE,2022-12-12
EM0020,TRUE,2022-12-12
EM0021,TRUE,2022-12-12
EM0022,TRUE,2022-12-12
EM0023,TRUE,2022-12-12
EM0024,TRUE,2022-12-12
EM0025,TRUE,2022-12-12
EM0026,TRUE,2022-12-12
EM0027,TRUE,2022-12-12
EM0028,TRUE,2022-12-12
EM0029,TRUE,2022-12-12
EM0030,TRUE,2022-12-12
EM0031,TRUE,2022-12-12
EM0032,TRUE,2022-12-12
EM0033,TRUE,2022-12-12
EM0034,TRUE,2022-12-12
EM0035,TRUE,2022-12-12
EM0036,TRUE,2022-12-12
EM0037,TRUE,2022-12-12
EM0038,TRUE,2022-12-12
EM0039,TRUE,2022-12-12
EM0040,TRUE,2022-12-12
EM0041,TRUE,2022-12-12
EM0042,TRUE,2022-12-12
EM0043,TRUE,2022-12-12
EM0044,TRUE,2022-12-12
EM0045,TRUE,2022-12-12
EM0046,TRUE,2022-12-12
EM0047,TRUE,2022-12-12
EM0048,TRUE,2022-12-12
EM0049,TRUE,2022-12-12
EM0050,TRUE,2022-12-12
EM0051,TRUE,2022-12-12
EM0052,TRUE,2022-12-12
EM0053,TRUE,2022-12-12
EM0054,TRUE,2022-12-12
EM0055,TRUE,2022-12-12
EM0056,TRUE,2022-12-12
EM0057,TRUE,2022-12-12
EM0058,TRUE,2022-12-12
EM0059,TRUE,2022-12-12
EM0060,TRUE,2022-12-12
EM0061,TRUE,2022-12-12
EM0062,TRUE,2022-12-12
EM0063,TRUE,2022-12-12
EM0064,TRUE,2022-12-12
EM0065,TRUE,2022-12-12
EM0066,TRUE,2022-12-12
EM0067,TRUE,2022-12-12
EM0068,TRUE,2022-12-12
EM0069,TRUE,2022-12-12
EM0070,TRUE,2022-12-12
EM0071,TRUE,2022-12-12
EM0072,TRUE,2022-12-12
EM0073,TRUE,2022-12-12
EM0074,TRUE,2022-12-12
EM0075,TRUE,2022-12-12
EM0076,TRUE,2022-12-12
EM0077,TRUE,2022-12-12
EM0078,TRUE,2022-12-12
EM0079,TRUE,2022-12-12
EM0080,TRUE,2022-12-12
EM0081,TRUE,2022-12-12
EM0082,TRUE,2022-12-12
EM0083,TRUE,2022-12-12
EM0084,TRUE,2022-12-12
EM0085,TRUE,2022-12-12
EM0086,TRUE,2022-12-12
EM0087,TRUE,2022-12-12
EM0088,TRUE,2022-12-12
EM0089,TRUE,2022-12-12
EM0090,TRUE,2022-12-12
EM0091,TRUE,2022-12-12
EM0092,TRUE,2022-12-12
EM0093,TRUE,2022-12-12
EM0094,TRUE,2022-12-12
EM0095,TRUE,2022-12-12
EM0096,TRUE,2022-12-12
EM0097,TRUE,2022-12-12
EM0098,TRUE,2022-12-12
EM0099,TRUE,2022-12-12
EM0100,TRUE,2022-12-12
EM0101,TRUE,2022-12-12
EM0102,TRUE,2022-12-12
EM0103,TRUE,2022-12-12
EM0104,TRUE,2022-12-12
EM0105,TRUE,2022-12-12
EM0106,TRUE,2022-12-12
EM0107,TRUE,2022-12-12
EM0108,TRUE,2022-12-12
EM0109,TRUE,2022-12-12
EM0110,TRUE,2022-12-12
EM0111,TRUE,2022-12-12
EM0112,TRUE,2022-12-12
EM0113,TRUE,2022-12-12
EM0114,TRUE,2022-12-12
EM0115,TRUE,2022-12-12
EM0116,TRUE,2022-12-12
EM0117,TRUE,2022-12-12
EM0118,TRUE,2022-12-12
EM0119,TRUE,2022-12-12
EM0120,TRUE,2022-12-12
EM0121,TRUE,2022-12-12
EM0122,TRUE,2022-12-12
EM0123,TRUE,2022-12-12
EM0124,TRUE,2022-12-12
EM0125,TRUE,2022-12-12
EM0126,TRUE,2022-12-12
EM0127,TRUE,2022-12-12
EM0128,TRUE,2022-12-12
EM0129,TRUE,2022-12-12
EM0130,TRUE,2022-12-12
EM0131,TRUE,2022-12-12
EM0132,TRUE,2022-12-12
EM0133,TRUE,2022-12-12
EM0134,TRUE,2022-12-12
EM0135,TRUE,2022-12-12
EM0136,TRUE,2022-12-12
EM0137,TRUE,2022-12-12
EM0138,TRUE,2022-12-12
EM0139,TRUE,2022-12-12
EM0140,TRUE,2022-12-12
EM0141,TRUE,2022-12-12
EM0142,TRUE,2022-12-12
EM0143,TRUE,2022-12-12
EM0144,TRUE,2022-12-12
EM0145,TRUE,2022-12-12
EM0146,TRUE,2022-12-12
EM0147,TRUE,2022-12-12
EM0148,TRUE,2022-12-12
EM0149,TRUE,2022-12-12
EM0150,TRUE,2022-12-12
EM0151,TRUE,2022-12-12
EM0152,TRUE,2022-12-12
EM0153,TRUE,2022-12-12
EM0154,TRUE,2022-12-12
EM0155,TRUE,2022-12-12
EM0156,TRUE,2022-12-12
EM0157,TRUE,2022-12-12
EM0158,TRUE,2022-12-12
EM0159,TRUE,2022-12-12
EM0160,TRUE,2022-12-12
EM0161,TRUE,2022-12-12
EM0162,TRUE,2022-12-12
EM0163,TRUE,2022-12-12
EM0164,TRUE,2022-12-12
EM0165,TRUE,2022-12-12
EM0166,TRUE,2022-12-12
EM0167,TRUE,2022-12-12
EM0168,TRUE,2022-12-12
EM0169,TRUE,2022-12-12
EM0170,TRUE,2022-12-12
EM0171,TRUE,2022-12-12
EM0172,TRUE,2022-12-12
EM0173,TRUE,2022-12-12
EM0174,TRUE,2022-12-12
EM0175,TRUE,2022-12-12
EM0176,TRUE,2022-12-12
EM0177,TRUE,2022-12-12
EM0178,TRUE,2022-12-12
EM0179,TRUE,2022-12-12
EM0180,TRUE,2022-12-12
EM0181,TRUE,2022-12-12
EM0182,TRUE,2022-12-12
EM0183,TRUE,2022-12-12
EM0184,TRUE,2022-12-12
EM0185,TRUE,2022-12-12
EM0186,TRUE,2022-12-12
EM0187,TRUE,2022-12-12
EM0188,TRUE,2022-12-12
EM0189,TRUE,2022-12-12
EM0190,TRUE,2022-12-12
EM0191,TRUE,2022-12-12
EM0192,TRUE,2022-12-12
EM0193,TRUE,2022-12-12
EM0194,TRUE,2022-12-12
EM0195,TRUE,2022-12-12
EM0196,TRUE,2022-12-12
EM0197,TRUE,2022-12-12
EM0198,TRUE,2022-12-12
EM0199,TRUE,2022-12-12
EM0200,TRUE,2022-12-12
EM0201,TRUE,2022-12-12
EM0202,TRUE,2022-12-12
EM0203,TRUE,2022-12-12
EM0204,TRUE,2022-12-12
EM0205,TRUE,2022-12-12
EM0206,TRUE,2022-12-12
EM0207,TRUE,2022-12-12
EM0208,TRUE,2022-12-12
EM0209,TRUE,2022-12-12
EM0210,TRUE,2022-12-12
EM0211,TRUE,2022-12-12
EM0212,TRUE,2022-12-12
EM0213,TRUE,2022-12-12
EM0214,TRUE,2022-12-12
EM0215,TRUE,2022-12-12
EM0216,TRUE,2022-12-12
EM0217,TRUE,2022-12-12
EM0218,TRUE,2022-12-12
EM0219,TRUE,2022-12-12
EM0220,TRUE,2022-12-12
EM0221,TRUE,2022-12-12
EM0222,TRUE,2022-12-12
EM0223,TRUE,2022-12-12
EM0224,TRUE,2022-12-12
EM0225,TRUE,2022-12-12
EM0226,TRUE,2022-12-12
EM0227,TRUE,2022-12-12
EM0228,TRUE,2022-12-12
EM0229,TRUE,2022-12-12
EM0230,TRUE,2022-12-12
EM0231,TRUE,2022-12-12
EM0232,TRUE,2022-12-12
EM0233,TRUE,2022-12-12
EM0234,TRUE,2022-12-12
EM0235,TRUE,2022-12-12
EM0236,TRUE,2022-12-12
EM0237,TRUE,2022-12-12
EM0238,TRUE,2022-12-12
EM0239,TRUE,2022-12-12
EM0240,TRUE,2022-12-12
EM0241,TRUE,2022-12-12
EM0242,TRUE,2022-12-12
EM0243,TRUE,2022-12-12
EM0244,TRUE,2022-12-12
EM0245,TRUE,2022-12-12
EM0246,TRUE,2022-12-12
EM0247,TRUE,2022-12-12
EM0248,TRUE,2022-12-12
EM0249,TRUE,2022-12-12
EM0250,TRUE,2022-12-12
EM0251,TRUE,2022-12-12
EM0252,TRUE,2022-12-12
EM0253,TRUE,2022-12-12
EM0254,TRUE,2022-12-12
EM0255,TRUE,2022-12-12
EM0256,TRUE,2022-12-12
EM0257,TRUE,2022-12-12
EM0258,TRUE,2022-12-12
EM0259,TRUE,2022-12-12
EM0260,TRUE,2022-12-12
EM0261,TRUE,2022-12-12
EM0262,TRUE,2022-12-12
EM0263,TRUE,2022-12-12
EM0264,TRUE,2022-12-12
EM0265,TRUE,2022-12-12
EM0266,TRUE,2022-12-12
EM0267,TRUE,2022-12-12
EM0268,TRUE,2022-12-12
EM0269,TRUE,2022-12-12
EM0270,TRUE,2022-12-12
EM0271,TRUE,2022-12-12
EM0272,TRUE,2022-12-12
EM0273,TRUE,2022-12-12
EM0274,TRUE,2022-12-12
EM0275,TRUE,2022-12-12
EM0276,TRUE,2022-12-12
EM0277,TRUE,2022-12-12
EM0278,TRUE,2022-12-12
EM0279,TRUE,2022-12-12
EM0280,TRUE,2022-12-12
EM0281,TRUE,2022-12-12
EM0282,TRUE,2022-12-12
EM0283,TRUE,2022-12-12
EM0284,TRUE,2022-12-12
EM0285,TRUE,2022-12-12
EM0286,TRUE,2022-12-12
EM0287,TRUE,2022-12-12
EM0288,TRUE,2022-12-12
EM0289,TRUE,2022-12-12
EM0290,TRUE,2022-12-12
EM0291,TRUE,2022-12-12
EM0292,TRUE,2022-12-12
EM0293,TRUE,2022-12-12
EM0294,TRUE,2022-12-12
EM0295,TRUE,2022-12-12
EM0296,TRUE,2022-12-12
EM0297,TRUE,2022-12-12
EM0298,TRUE,2022-12-12
EM0299,TRUE,2022-12-12
EM0300,TRUE,2022-12-12
EM0301,TRUE,2022-12-12
EM0302,TRUE,2022-12-12
EM0303,TRUE,2022-12-12
EM0304,TRUE,2022-12-12
EM0305,TRUE,2022-12-12
EM0306,TRUE,2022-12-12
EM0307,TRUE,2022-12-12
EM0308,TRUE,2022-12-12
EM0309,TRUE,2022-12-12
EM0310,TRUE,2022-12-12
EM0311,TRUE,2022-12-12
EM0312,TRUE,2022-12-12
EM0313,TRUE,2022-12-12
EM0314,TRUE,2022-12-12
EM0315,TRUE,2022-12-12
EM0316,TRUE,2022-12-12
EM0317,TRUE,2022-12-12
EM0318,TRUE,2022-12-12
EM0319,TRUE,2022-12-12
EM0320,TRUE,2022-12-12
EM0321,TRUE,2022-12-12
EM0322,TRUE,2022-12-12
EM0323,TRUE,2022-12-12
EM0324,TRUE,2022-12-12
EM0325,TRUE,2022-12-12
EM0326,TRUE,2022-12-12
EM0327,TRUE,2022-12-12
EM0328,TRUE,2022-12-12
EM0329,TRUE,2022-12-12
EM0330,TRUE,2022-12-12
EM0331,TRUE,2022-12-12
EM0332,TRUE,2022-12-12
EM0333,TRUE,2022-12-12
EM0334,TRUE,2022-12-12
EM0335,TRUE,2022-12-12
EM0336,TRUE,2022-12-12
EM0337,TRUE,2022-12-12
EM0338,TRUE,2022-12-12
EM0339,TRUE,2022-12-12
EM0340,TRUE,2022-12-12
EM0341,TRUE,2022-12-12
EM0342,TRUE,2022-12-12
EM0343,TRUE,2022-12-12
EM0344,TRUE,2022-12-12
EM0345,TRUE,2022-12-12
EM0346,TRUE,2022-12-12
EM0347,TRUE,2022-12-12
EM0348,TRUE,2022-12-12
EM0349,TRUE,2022-12-12
EM0350,TRUE,2022-12-12
EM0351,TRUE,2022-12-12
EM0352,TRUE,2022-12-12
EM0353,TRUE,2022-12-12
EM0354,TRUE,2022-12-12
EM0355,TRUE,2022-12-12
EM0356,TRUE,2022-12-12
EM0357,TRUE,2022-12-12
EM0358,TRUE,2022-12-12
EM0359,TRUE,2022-12-12
EM0360,TRUE,2022-12-12
EM0361,TRUE,2022-12-12
EM0362,TRUE,2022-12-12
EM0363,TRUE,2022-12-12
EM0364,TRUE,2022-12-12
EM0365,TRUE,2022-12-12
EM0366,TRUE,2022-12-12
EM0367,TRUE,2022-12-12
LC0001,TRUE,2022-12-12
LC0002,TRUE,2022-12-12
LC0003,TRUE,2022-12-12
LC0004,TRUE,2022-12-12
LC0005,TRUE,2022-12-12
LC0006,TRUE,2022-12-12
LC0007,TRUE,2022-12-12
LC0008,TRUE,2022-12-12
LC0009,TRUE,2022-12-12
LC0010,TRUE,2022-12-12
LC0011,TRUE,2022-12-12
LC0012,TRUE,2022-12-12
LC0013,TRUE,2022-12-12
LC0014,TRUE,2022-12-12
LC0015,TRUE,2022-12-12
LC0016,TRUE,2022-12-12
LC0017,TRUE,2022-12-12
LC0018,TRUE,2022-12-12
LC0019,TRUE,2022-12-12
LC0020,TRUE,2022-12-12
LC0021,TRUE,2022-12-12
LC0022,TRUE,2022-12-12
LC0023,TRUE,2022-12-12
LC0024,TRUE,2022-12-12
LC0025,TRUE,2022-12-12
LC0026,TRUE,2022-12-12
LC0027,TRUE,2022-12-12
LC0028,TRUE,2022-12-12
LC0029,TRUE,2022-12-12
LC0030,TRUE,2022-12-12
LC0031,TRUE,2022-12-12
LC0032,TRUE,2022-12-12
LC0033,TRUE,2022-12-12
LC0034,TRUE,2022-12-12
LC0035,TRUE,2022-12-12
LC0036,TRUE,2022-12-12
LC0037,TRUE,2022-12-12
LC0038,TRUE,2022-12-12
LC0039,TRUE,2022-12-12
LC0040,TRUE,2022-12-12
LC0041,TRUE,2022-12-12
LC0042,TRUE,2022-12-12
LC0043,TRUE,2022-12-12
LC0044,TRUE,2022-12-12
LC0045,TRUE,2022-12-12
LC0046,TRUE,2022-12-12
LC0047,TRUE,2022-12-12
LC0048,TRUE,2022-12-12
LC0049,TRUE,2022-12-12
LC0050,TRUE,2022-12-12
LC0051,TRUE,2022-12-12
LC0052,TRUE,2022-12-12
LC0053,TRUE,2022-12-12
LC0054,TRUE,2022-12-12
LC0055,TRUE,2022-12-12
LC0056,TRUE,2022-12-12
LC0057,TRUE,2022-12-12
LC0058,TRUE,2022-12-12
LC0059,TRUE,2022-12-12
LC0060,TRUE,2022-12-12
LC0061,TRUE,2022-12-12
LC0062,TRUE,2022-12-12
LC0063,TRUE,2022-12-12
LC0064,TRUE,2022-12-12
LC0065,TRUE,2022-12-12
LC0066,TRUE,2022-12-12
LC0067,TRUE,2022-12-12
LC0068,TRUE,2022-12-12
LC0069,TRUE,2022-12-12
LC0070,TRUE,2022-12-12
LC0071,TRUE,2022-12-12
LC0072,TRUE,2022-12-12
LC0073,TRUE,2022-12-12
LC0074,TRUE,2022-12-12
LC0075,TRUE,2022-12-12
LC0076,TRUE,2022-12-12
LC0077,TRUE,2022-12-12
LC0078,TRUE,2022-12-12
LC0079,TRUE,2022-12-12
LC0080,TRUE,2022-12-12
LC0081,TRUE,2022-12-12
LC0082,TRUE,2022-12-12
LC0083,TRUE,2022-12-12
LC0084,TRUE,2022-12-12
LC0085,TRUE,2022-12-12
LC0086,TRUE,2022-12-12
LC0087,TRUE,2022-12-12
LC0088,TRUE,2022-12-12
LC0089,TRUE,2022-12-12
LC0090,TRUE,2022-12-12
LC0091,TRUE,2022-12-12
LC0092,TRUE,2022-12-12
LC0093,TRUE,2022-12-12
LC0094,TRUE,2022-12-12
LC0095,TRUE,2022-12-12
LC0096,TRUE,2022-12-12
LC0097,TRUE,2022-12-12
LC0098,TRUE,2022-12-12
LC0099,TRUE,2022-12-12
LC0100,TRUE,2022-12-12
LC0101,TRUE,2022-12-12
LC0102,TRUE,2022-12-12
LC0103,TRUE,2022-12-12
LC0104,TRUE,2022-12-12
LC0105,TRUE,2022-12-12
LC0106,TRUE,2022-12-12
LC0107,TRUE,2022-12-12
LC0108,TRUE,2022-12-12
LC0109,TRUE,2022-12-12
LC0110,TRUE,2022-12-12
LC0111,TRUE,2022-12-12
LC0112,TRUE,2022-12-12
LC0113,TRUE,2022-12-12
LC0114,TRUE,2022-12-12
LC0115,TRUE,2022-12-12
LC0116,TRUE,2022-12-12
LC0117,TRUE,2022-12-12
LC0118,TRUE,2022-12-12
LC0119,TRUE,2022-12-12
LC0120,TRUE,2022-12-12
LC0121,TRUE,2022-12-12
LC0122,TRUE,2022-12-12
LC0123,TRUE,2022-12-12
LC0124,TRUE,2022-12-12
LC0125,TRUE,2022-12-12
LC0126,TRUE,2022-12-12
LC0127,TRUE,2022-12-12
LC0128,TRUE,2022-12-12
LC0129,TRUE,2022-12-12
LC0130,TRUE,2022-12-12
LC0131,TRUE,2022-12-12
LC0132,TRUE,2022-12-12
LC0133,TRUE,2022-12-12
LC0134,TRUE,2022-12-12
LC0135,TRUE,2022-12-12
LC0136,TRUE,2022-12-12
LC0137,TRUE,2022-12-12
LC0138,TRUE,2022-12-12
LC0139,TRUE,2022-12-12
LC0140,TRUE,2022-12-12
LC0141,TRUE,2022-12-12
LC0142,TRUE,2022-12-12
LC0143,TRUE,2022-12-12
LC0144,TRUE,2022-12-12
LC0145,TRUE,2022-12-12
LC0146,TRUE,2022-12-12
LC0147,TRUE,2022-12-12
LC0148,TRUE,2022-12-12
LC0149,TRUE,2022-12-12
LC0150,TRUE,2022-12-12
LC0151,TRUE,2022-12-12
LC0152,TRUE,2022-12-12
LC0153,TRUE,2022-12-12
LC0154,TRUE,2022-12-12
LC0155,TRUE,2022-12-12
LC0156,TRUE,2022-12-12
LC0157,TRUE,2022-12-12
LC0158,TRUE,2022-12-12
LC0159,TRUE,2022-12-12
LC0160,TRUE,2022-12-12
LC0161,TRUE,2022-12-12
LC0162,TRUE,2022-12-12
LC0163,TRUE,2022-12-12
LC0164,TRUE,2022-12-12
LC0165,TRUE,2022-12-12
LC0166,TRUE,2022-12-12
LC0167,TRUE,2022-12-12
LC0168,TRUE,2022-12-12
LC0169,TRUE,2022-12-12
LC0170,TRUE,2022-12-12
LC0171,TRUE,2022-12-12
LC0172,TRUE,2022-12-12
LC0173,TRUE,2022-12-12
LC0174,TRUE,2022-12-12
LC0175,TRUE,2022-12-12
LC0176,TRUE,2022-12-12
LC0177,TRUE,2022-12-12
LC0178,TRUE,2022-12-12
LC0179,TRUE,2022-12-12
LC0180,TRUE,2022-12-12
LC0181,TRUE,2022-12-12
LC0182,TRUE,2022-12-12
LC0183,TRUE,2022-12-12
LC0184,TRUE,2022-12-12
LC0185,TRUE,2022-12-12
LC0186,TRUE,2022-12-12
LC0187,TRUE,2022-12-12
LC0188,TRUE,2022-12-12
LC0189,TRUE,2022-12-12
LC0190,TRUE,2022-12-12
LC0191,TRUE,2022-12-12
LC0192,TRUE,2022-12-12
LC0193,TRUE,2022-12-12
LC0194,TRUE,2022-12-12
LC0195,TRUE,2022-12-12
LC0196,TRUE,2022-12-12
LC0197,TRUE,2022-12-12
LC0198,TRUE,2022-12-12
LC0199,TRUE,2022-12-12
LC0200,TRUE,2022-12-12
LC0201,TRUE,2022-12-12
LC0202,TRUE,2022-12-12
LC0203,TRUE,2022-12-12
LC0204,TRUE,2022-12-12
LC0205,TRUE,2022-12-12
LC0206,TRUE,2022-12-12
LC0207,TRUE,2022-12-12
LC0208,TRUE,2022-12-12
LC0209,TRUE,2022-12-12
LC0210,TRUE,2022-12-12
LC0211,TRUE,2022-12-12
LC0212,TRUE,2022-12-12
LC0213,TRUE,2022-12-12
LC0214,TRUE,2022-12-12
LC0215,TRUE,2022-12-12
LC0216,TRUE,2022-12-12
LC0217,TRUE,2022-12-12
LC0218,TRUE,2022-12-12
LC0219,TRUE,2022-12-12
LC0220,TRUE,2022-12-12
LC0221,TRUE,2022-12-12
LC0222,TRUE,2022-12-12
LC0223,TRUE,2022-12-12
LC0224,TRUE,2022-12-12
LC0225,TRUE,2022-12-12
LC0226,TRUE,2022-12-12
LC0227,TRUE,2022-12-12
LC0228,TRUE,2022-12-12
LC0229,TRUE,2022-12-12
LC0230,TRUE,2022-12-12
LC0231,TRUE,2022-12-12
LC0232,TRUE,2022-12-12
LC0233,TRUE,2022-12-12
LC0234,TRUE,2022-12-12
LC0235,TRUE,2022-12-12
LC0236,TRUE,2022-12-12
LC0237,TRUE,2022-12-12
LC0238,TRUE,2022-12-12
LC0239,TRUE,2022-12-12
LC0240,TRUE,2022-12-12
LC0241,TRUE,2022-12-12
LC0242,TRUE,2022-12-12
LC0243,TRUE,2022-12-12
LC0244,TRUE,2022-12-12
LC0245,TRUE,2022-12-12
LC0246,TRUE,2022-12-12
LC0247,TRUE,2022-12-12
LC0248,TRUE,2022-12-12
LC0249,TRUE,2022-12-12
LC0250,TRUE,2022-12-12
LC0251,TRUE,2022-12-12
LC0252,TRUE,2022-12-12
LC0253,TRUE,2022-12-12
LC0254,TRUE,2022-12-12
LC0255,TRUE,2022-12-12
LC0256,TRUE,2022-12-12
LC0257,TRUE,2022-12-12
LC0258,TRUE,2022-12-12
LC0259,TRUE,2022-12-12
LC0260,TRUE,2022-12-12
LC0261,TRUE,2022-12-12
LC0262,TRUE,2022-12-12
LC0263,TRUE,2022-12-12
LC0264,TRUE,2022-12-12
LC0265,TRUE,2022-12-12
LC0266,TRUE,2022-12-12
LC0267,TRUE,2022-12-12
LC0268,TRUE,2022-12-12
LC0269,TRUE,2022-12-12
LC0270,TRUE,2022-12-12
LC0271,TRUE,2022-12-12
LC0272,TRUE,2022-12-12
LC0273,TRUE,2022-12-12
LC0274,TRUE,2022-12-12
LC0275,TRUE,2022-12-12
LC0276,TRUE,2022-12-12
LC0277,TRUE,2022-12-12
LC0278,TRUE,2022-12-12
LC0279,TRUE,2022-12-12
LC0280,TRUE,2022-12-12
LC0281,TRUE,2022-12-12
LC0282,TRUE,2022-12-12
LC0283,TRUE,2022-12-12
LC0284,TRUE,2022-12-12
LC0285,TRUE,2022-12-12
LC0286,TRUE,2022-12-12
LC0287,TRUE,2022-12-12
LC0288,TRUE,2022-12-12
LC0289,TRUE,2022-12-12
LC0290,TRUE,2022-12-12
LC0291,TRUE,2022-12-12
LC0292,TRUE,2022-12-12
LC0293,TRUE,2022-12-12
LC0294,TRUE,2022-12-12
LC0295,TRUE,2022-12-12
LC0296,TRUE,2022-12-12
LC0297,TRUE,2022-12-12
LC0298,TRUE,2022-12-12
LC0299,TRUE,2022-12-12
LC0300,TRUE,2022-12-12
LC0301,TRUE,2022-12-12
LC0302,TRUE,2022-12-12
LC0303,TRUE,2022-12-12
LC0304,TRUE,2022-12-12
LC0305,TRUE,2022-12-12
LC0306,TRUE,2022-12-12
LC0307,TRUE,2022-12-12
LC0308,TRUE,2022-12-12
LC0309,TRUE,2022-12-12
LC0310,TRUE,2022-12-12
LC0311,TRUE,2022-12-12
LC0312,TRUE,2022-12-12
LC0313,TRUE,2022-12-12
LC0314,TRUE,2022-12-12
LC0315,TRUE,2022-12-12
LC0316,TRUE,2022-12-12
LC0317,TRUE,2022-12-12
LC0318,TRUE,2022-12-12
LC0319,TRUE,2022-12-12
LC0320,TRUE,2022-12-12
LC0321,TRUE,2022-12-12
LC0322,TRUE,2022-12-12
LC0323,TRUE,2022-12-12
LC0324,TRUE,2022-12-12
LC0325,TRUE,2022-12-12
LC0326,TRUE,2022-12-12
LC0327,TRUE,2022-12-12
LC0328,TRUE,2022-12-12
LC0329,TRUE,2022-12-12
LC0330,TRUE,2022-12-12
LC0331,TRUE,2022-12-12
LC0332,TRUE,2022-12-12
LC0333,TRUE,2022-12-12
LC0334,TRUE,2022-12-12
LC0335,TRUE,2022-12-12
LC0336,TRUE,2022-12-12
LC0337,TRUE,2022-12-12
LC0338,TRUE,2022-12-12
LC0339,TRUE,2022-12-12
LC0340,TRUE,2022-12-12
LC0341,TRUE,2022-12-12
LC0342,TRUE,2022-12-12
LC0343,TRUE,2022-12-12
LC0344,TRUE,2022-12-12
LC0345,TRUE,2022-12-12
LC0346,TRUE,2022-12-12
LC0347,TRUE,2022-12-12
LC0348,TRUE,2022-12-12
LC0349,TRUE,2022-12-12
LC0350,TRUE,2022-12-12
LC0351,TRUE,2022-12-12
LC0352,TRUE,2022-12-12
LC0353,TRUE,2022-12-12
LC0354,TRUE,2022-12-12
LC0355,TRUE,2022-12-12
LC0356,TRUE,2022-12-12
LC0357,TRUE,2022-12-12
LC0358,TRUE,2022-12-12
LC0359,TRUE,2022-12-12
LC0360,TRUE,2022-12-12
LC0361,TRUE,2022-12-12
LC0362,TRUE,2022-12-12
LC0363,TRUE,2022-12-12
LC0364,TRUE,2022-12-12
LC0365,TRUE,2022-12-12
LC0366,TRUE,2022-12-12
LC0367,TRUE,2022-12-12
LC0368,TRUE,2022-12-12
LC0369,TRUE,2022-12-12
LC0370,TRUE,2022-12-12
LC0371,TRUE,2022-12-12
LC0372,TRUE,2022-12-12
LC0373,TRUE,2022-12-12
LC0374,TRUE,2022-12-12
LC0375,TRUE,2022-12-12
LC0376,TRUE,2022-12-12
LC0377,TRUE,2022-12-12
LC0378,TRUE,2022-12-12
LC0379,TRUE,2022-12-12
LC0380,TRUE,2022-12-12
LC0381,TRUE,2022-12-12
LC0382,TRUE,2022-12-12
LC0383,TRUE,2022-12-12
LC0384,TRUE,2022-12-12
LC0385,TRUE,2022-12-12
LC0386,TRUE,2022-12-12
LC0387,TRUE,2022-12-12
LC0388,TRUE,2022-12-12
LC0389,TRUE,2022-12-12
LC0390,TRUE,2022-12-12
LC0391,TRUE,2022-12-12
LC0392,TRUE,2022-12-12
LC0393,TRUE,2022-12-12
LC0394,TRUE,2022-12-12
LC0395,TRUE,2022-12-12
LC0396,TRUE,2022-12-12
LC0397,TRUE,2022-12-12
LC0398,TRUE,2022-12-12
LC0399,TRUE,2022-12-12
LC0400,TRUE,2022-12-12
LC0401,TRUE,2022-12-12
LC0402,TRUE,2022-12-12
LC0403,TRUE,2022-12-12
LC0404,TRUE,2022-12-12
LC0405,TRUE,2022-12-12
LC0406,TRUE,2022-12-12
LC0407,TRUE,2022-12-12
LC0408,TRUE,2022-12-12
LC0409,TRUE,2022-12-12
LC0410,TRUE,2022-12-12
LC0411,TRUE,2022-12-12
LC0412,TRUE,2022-12-12
LC0413,TRUE,2022-12-12
LC0414,TRUE,2022-12-12
LC0415,TRUE,2022-12-12
LC0416,TRUE,2022-12-12
LC0417,TRUE,2022-12-12
LC0418,TRUE,2022-12-12
LC0419,TRUE,2022-12-12
LC0420,TRUE,2022-12-12
LC0421,TRUE,2022-12-12
LC0422,TRUE,2022-12-12
LC0423,TRUE,2022-12-12
LC0424,TRUE,2022-12-12
LC0425,TRUE,2022-12-12
LC0426,TRUE,2022-12-12
LC0427,TRUE,2022-12-12
LC0428,TRUE,2022-12-12
LC0429,TRUE,2022-12-12
LC0430,TRUE,2022-12-12
LC0431,TRUE,2022-12-12
LC0432,TRUE,2022-12-12
LC0433,TRUE,2022-12-12
LC0434,TRUE,2022-12-12
LC0435,TRUE,2022-12-12
LC0436,TRUE,2022-12-12
LC0437,TRUE,2022-12-12
LC0438,TRUE,2022-12-12
LC0439,TRUE,2022-12-12
LC0440,TRUE,2022-12-12
LC0441,TRUE,2022-12-12
LC0442,TRUE,2022-12-12
LC0443,TRUE,2022-12-12
LC0444,TRUE,2022-12-12
LC0445,TRUE,2022-12-12
LC0446,TRUE,2022-12-12
LC0447,TRUE,2022-12-12
LC0448,TRUE,2022-12-12
LC0449,TRUE,2022-12-12
LC0450,TRUE,2022-12-12
LC0451,TRUE,2022-12-12
HIV0001,TRUE,2022-12-12
HIV0002,TRUE,2022-12-12
HIV0003,TRUE,2022-12-12
HIV0004,TRUE,2022-12-12
HIV0005,TRUE,2022-12-12
HIV0006,TRUE,2022-12-12
HIV0007,TRUE,2022-12-12
HIV0008,TRUE,2022-12-12
HIV0009,TRUE,2022-12-12
HIV0010,TRUE,2022-12-12
HIV0011,TRUE,2022-12-12
TB0001,TRUE,2022-12-12
TB0002,TRUE,2022-12-12
TB0003,TRUE,2022-12-12
TB0004,TRUE,2022-12-12
TB0005,TRUE,2022-12-12
TB0006,TRUE,2022-12-12
TB0007,TRUE,2022-12-12
TB0008,TRUE,2022-12-12
TB0009,TRUE,2022-12-12
TB0010,TRUE,2022-12-12
TB0011,TRUE,2022-12-12
TB0012,TRUE,2022-12-12
TB0013,TRUE,2022-12-12
TB0014,TRUE,2022-12-12
TB0015,TRUE,2022-12-12
MAL0001,TRUE,2022-12-12
MAL0002,TRUE,2022-12-12
MAL0003,TRUE,2022-12-12
MAL0004,TRUE,2022-12-12
MAL0005,TRUE,2022-12-12
MAL0006,TRUE,2022-12-12
MAL0007,TRUE,2022-12-12
MAL0008,TRUE,2022-12-12
MAL0009,TRUE,2022-12-12
MAL0010,TRUE,2022-12-12
MAL0011,TRUE,2022-12-12
MAL0012,TRUE,2022-12-12
MAL0013,TRUE,2022-12-12
MAL0014,TRUE,2022-12-12
MAL0015,TRUE,2022-12-12
MAL0016,TRUE,2022-12-12
MAL0017,TRUE,2022-12-12
MAL0018,TRUE,2022-12-12